transition_min;aircraft_type;active_count;landed_count;diverted_count;crashed_count;crashed_from_go_around_transition_count;crashed_from_other_status_count;crashed_after_go_around_count;crashed_without_go_around_count;diversion_rate;diverted_before_holding_rate;diverted_after_holding_rate;holding_delay_rate;mean_holding_time_among_actually_delayed_aircraft_min;mean_holding_time_per_active_aircraft_min;at_least_one_go_around;total_go_around_count;go_around_sortie_count;go_around_sortie_rate;go_around_events_per_active_sortie;mean_fuel_margin_percent_of_reserve;minimum_fuel_margin_percent_of_reserve;mean_fuel_margin_percent_of_normal_load;minimum_fuel_margin_percent_of_normal_load;mean_remaining_endurance_min;minimum_remaining_endurance_min;mean_low_fuel_endurance_margin_min;minimum_low_fuel_endurance_margin_min;mean_emergency_endurance_margin_min;minimum_emergency_endurance_margin_min;ever_low_fuel_rate;ever_emergency_endurance_rate;ever_below_reserve_rate;fuel_priority_landings
30;An-26;0,8580;0,8580;0,0000;0,0000;0,0000;0,0000;0,0000;0,0000;0,0000;0,0000;0,0000;0,9942;29,8985;29,8985;0,0680;0,0730;0,0680;0,0793;0,0851;313,7786;313,7786;45,4979;45,4979;85,7113;85,7113;60,7113;60,7113;70,7113;70,7113;0,0000;0,0000;0,0000;0,0000
30;CASA;1,5240;1,5240;0,0000;0,0000;0,0000;0,0000;0,0000;0,0000;0,0000;0,0000;0,0000;0,2812;1,4517;1,0213;0,0040;0,0040;0,0040;0,0030;0,0030;678,3266;672,1759;81,3992;80,6611;622,6613;617,7407;597,6613;592,7407;607,6613;602,7407;0,0000;0,0000;0,0000;0,0000
30;G-4;2,0000;1,9330;0,0660;0,0010;0,0010;0,0000;0,0010;0,0000;0,0330;0,0000;0,0330;1,0000;23,8263;23,8263;0,2220;0,2590;0,2320;0,1160;0,1295;31,9771;4,2212;8,6938;1,1476;38,2734;30,2241;13,2734;5,2241;23,2734;15,2241;0,1225;0,0565;0,2165;0,1780
30;H145;3,0000;3,0000;0,0000;0,0000;0,0000;0,0000;0,0000;0,0000;0,0000;0,0000;0,0000;0,9360;2,4933;2,3319;0,0280;0,0280;0,0280;0,0093;0,0093;595,1325;564,3428;63,7642;60,4653;148,9570;142,3592;123,9570;117,3592;133,9570;127,3592;0,0000;0,0000;0,0000;0,0000
30;Lasta;1,9860;1,9860;0,0000;0,0000;0,0000;0,0000;0,0000;0,0000;0,0000;0,0000;0,0000;0,9865;35,8425;35,4478;0,1890;0,2080;0,1960;0,0985;0,1045;399,1063;369,7102;47,8928;44,3652;115,1784;108,3947;90,1784;83,3947;100,1784;93,3947;0,0000;0,0000;0,0000;0,0000
30;Mi-17;2,0000;2,0000;0,0000;0,0000;0,0000;0,0000;0,0000;0,0000;0,0000;0,0000;0,0000;1,0000;39,6482;39,6482;0,1730;0,1940;0,1820;0,0910;0,0970;559,8316;525,1334;48,9853;45,9492;138,5646;131,2780;113,5646;106,2780;123,5646;116,2780;0,0000;0,0000;0,0000;0,0000
30;MiG-29;3,8410;3,8300;0,0110;0,0000;0,0000;0,0000;0,0000;0,0000;0,0027;0,0000;0,0027;0,6937;19,9452;13,7724;0,3150;0,3940;0,3610;0,0941;0,1023;237,7898;126,6953;39,0401;20,8007;58,0576;38,9633;33,0576;13,9633;43,0576;23,9633;0,0307;0,0087;0,0116;0,1060
45;An-26;1,0000;1,0000;0,0000;0,0000;0,0000;0,0000;0,0000;0,0000;0,0000;0,0000;0,0000;0,9990;26,7730;26,7730;0,0690;0,0740;0,0690;0,0690;0,0740;257,8540;257,8540;37,3888;37,3888;74,1269;74,1269;49,1269;49,1269;59,1269;59,1269;0,0010;0,0000;0,0000;0,0010
45;CASA;1,9770;1,9770;0,0000;0,0000;0,0000;0,0000;0,0000;0,0000;0,0000;0,0000;0,0000;0,4520;2,1465;1,4205;0,0150;0,0150;0,0150;0,0075;0,0075;659,3852;645,1340;79,1262;77,4161;607,5082;596,1072;582,5082;571,1072;592,5082;581,1072;0,0000;0,0000;0,0000;0,0000
45;G-4;2,0000;1,8910;0,1090;0,0000;0,0000;0,0000;0,0000;0,0000;0,0545;0,0000;0,0545;0,7165;21,2201;15,2942;0,1660;0,1790;0,1730;0,0865;0,0895;21,2752;-6,9579;5,7842;-1,8917;35,1698;26,9822;10,1698;1,9822;20,1698;11,9822;0,2275;0,0645;0,3950;0,3460
45;H145;3,0060;3,0060;0,0000;0,0000;0,0000;0,0000;0,0000;0,0000;0,0000;0,0000;0,0000;0,6757;2,7025;1,9397;0,0280;0,0280;0,0280;0,0093;0,0093;550,1024;506,9825;58,9395;54,3196;139,3077;130,0677;114,3077;105,0677;124,3077;115,0677;0,0000;0,0000;0,0000;0,0000
45;Lasta;2,0000;2,0000;0,0000;0,0000;0,0000;0,0000;0,0000;0,0000;0,0000;0,0000;0,0000;0,6145;27,4483;17,3900;0,1040;0,1200;0,1100;0,0550;0,0600;440,7504;362,1664;52,8900;43,4600;124,7885;106,6538;99,7885;81,6538;109,7885;91,6538;0,0000;0,0000;0,0000;0,0000
45;Mi-17;2,0200;2,0200;0,0000;0,0000;0,0000;0,0000;0,0000;0,0000;0,0000;0,0000;0,0000;0,5838;31,6993;18,6497;0,1400;0,1610;0,1420;0,0698;0,0792;633,3265;500,2445;55,4161;43,7714;153,9986;126,0514;128,9986;101,0514;138,9986;111,0514;0,0010;0,0005;0,0010;0,0020
45;MiG-29;4,0000;3,9660;0,0340;0,0000;0,0000;0,0000;0,0000;0,0000;0,0085;0,0000;0,0085;0,4898;19,1431;9,2798;0,2690;0,3260;0,3020;0,0755;0,0815;186,9613;89,4861;30,6951;14,6918;49,3215;32,5679;24,3215;7,5679;34,3215;17,5679;0,0560;0,0187;0,0240;0,1900
60;An-26;1,0000;0,9990;0,0010;0,0000;0,0000;0,0000;0,0000;0,0000;0,0010;0,0000;0,0010;0,9970;23,7067;23,7067;0,0700;0,0750;0,0700;0,0700;0,0750;189,7873;189,7873;27,5192;27,5192;60,0274;60,0274;35,0274;35,0274;45,0274;45,0274;0,0090;0,0030;0,0050;0,0080
60;CASA;2,0000;2,0000;0,0000;0,0000;0,0000;0,0000;0,0000;0,0000;0,0000;0,0000;0,0000;0,4055;2,0177;1,3187;0,0140;0,0140;0,0140;0,0070;0,0070;633,6169;618,6217;76,0340;74,2346;586,8935;574,8974;561,8935;549,8974;571,8935;559,8974;0,0000;0,0000;0,0000;0,0000
60;G-4;2,0000;1,8590;0,1320;0,0090;0,0090;0,0000;0,0090;0,0000;0,0660;0,0000;0,0660;0,4100;15,4190;7,7937;0,1160;0,1170;0,1160;0,0580;0,0585;25,3772;-26,9989;6,8994;-7,3403;36,3594;21,1703;11,3594;-3,8297;21,3594;6,1703;0,3545;0,1455;0,3850;0,5680
60;H145;4,2280;4,2280;0,0000;0,0000;0,0000;0,0000;0,0000;0,0000;0,0000;0,0000;0,0000;0,3916;2,4010;1,0708;0,0230;0,0230;0,0230;0,0053;0,0053;525,4616;447,9519;56,2995;47,9948;134,0275;117,4183;109,0275;92,4183;119,0275;102,4183;0,0000;0,0000;0,0000;0,0000
60;Lasta;2,0000;2,0000;0,0000;0,0000;0,0000;0,0000;0,0000;0,0000;0,0000;0,0000;0,0000;0,4880;21,3934;10,7067;0,0920;0,0950;0,0920;0,0460;0,0475;439,7896;321,2822;52,7748;38,5539;124,5668;97,2190;99,5668;72,2190;109,5668;82,2190;0,0000;0,0000;0,0000;0,0000
60;Mi-17;2,7500;2,7500;0,0000;0,0000;0,0000;0,0000;0,0000;0,0000;0,0000;0,0000;0,0000;0,5337;25,9994;14,7918;0,1600;0,1830;0,1650;0,0588;0,0653;617,0915;468,9860;53,9955;41,0363;150,5892;119,4871;125,5892;94,4871;135,5892;104,4871;0,0007;0,0007;0,0007;0,0020
60;MiG-29;4,0000;3,9300;0,0700;0,0000;0,0000;0,0000;0,0000;0,0000;0,0175;0,0000;0,0175;0,2577;19,6913;5,1193;0,1110;0,1180;0,1150;0,0288;0,0295;184,4260;41,6720;30,2789;6,8417;48,8857;24,3499;23,8857;-0,6501;33,8857;9,3499;0,1417;0,0370;0,0517;0,4970
75;An-26;1,0000;0,9970;0,0010;0,0020;0,0020;0,0000;0,0020;0,0000;0,0010;0,0000;0,0010;0,9940;21,3176;21,3176;0,0740;0,0790;0,0740;0,0740;0,0790;118,4795;118,4795;17,1795;17,1795;45,2565;45,2565;20,2565;20,2565;30,2565;30,2565;0,0500;0,0170;0,0370;0,0470
75;CASA;2,0000;2,0000;0,0000;0,0000;0,0000;0,0000;0,0000;0,0000;0,0000;0,0000;0,0000;0,3255;1,2320;0,6791;0,0080;0,0080;0,0080;0,0040;0,0040;608,1354;593,3970;72,9763;71,2076;566,5083;554,7176;541,5083;529,7176;551,5083;539,7176;0,0000;0,0000;0,0000;0,0000
75;G-4;2,0000;1,9720;0,0270;0,0010;0,0010;0,0000;0,0010;0,0000;0,0135;0,0000;0,0135;0,0430;1,5882;0,7941;0,0170;0,0170;0,0170;0,0085;0,0085;48,8419;18,9062;13,2789;5,1401;43,1642;34,4828;18,1642;9,4828;28,1642;19,4828;0,0430;0,0330;0,0430;0,0580
75;H145;5,5260;5,5260;0,0000;0,0000;0,0000;0,0000;0,0000;0,0000;0,0000;0,0000;0,0000;0,4001;2,4085;0,9697;0,0200;0,0200;0,0200;0,0037;0,0037;482,6770;365,2582;51,7154;39,1348;124,8593;99,6982;99,8593;74,6982;109,8593;84,6982;0,0000;0,0000;0,0000;0,0000
75;Lasta;2,3360;2,3360;0,0000;0,0000;0,0000;0,0000;0,0000;0,0000;0,0000;0,0000;0,0000;0,2473;13,0729;5,8664;0,0880;0,0980;0,0900;0,0353;0,0385;479,8446;391,5961;57,5814;46,9915;133,8103;113,4453;108,8103;88,4453;118,8103;98,4453;0,0000;0,0000;0,0000;0,0000
75;Mi-17;3,0000;3,0000;0,0000;0,0000;0,0000;0,0000;0,0000;0,0000;0,0000;0,0000;0,0000;0,3563;20,3465;7,3011;0,1020;0,1140;0,1040;0,0347;0,0380;635,3644;445,1289;55,5944;38,9488;154,4265;114,4771;129,4265;89,4771;139,4265;99,4771;0,0007;0,0007;0,0007;0,0020
75;MiG-29;4,0000;3,8970;0,0990;0,0040;0,0040;0,0000;0,0040;0,0000;0,0248;0,0000;0,0248;0,1202;9,5591;2,3898;0,0630;0,0660;0,0630;0,0158;0,0165;186,9395;45,7625;30,6916;7,5133;49,3177;25,0529;24,3177;0,0529;34,3177;10,0529;0,1148;0,0757;0,0925;0,3560
90;An-26;1,0000;0,9970;0,0010;0,0020;0,0020;0,0000;0,0020;0,0000;0,0010;0,0000;0,0010;0,4990;11,0260;11,0260;0,0580;0,0600;0,0580;0,0580;0,0600;117,2095;117,2095;16,9954;16,9954;44,9934;44,9934;19,9934;19,9934;29,9934;29,9934;0,0590;0,0230;0,0330;0,0560
90;CASA;2,0000;2,0000;0,0000;0,0000;0,0000;0,0000;0,0000;0,0000;0,0000;0,0000;0,0000;0,1565;0,5377;0,2926;0,0090;0,0090;0,0090;0,0045;0,0045;588,9011;580,0054;70,6681;69,6006;551,1208;544,0043;526,1208;519,0043;536,1208;529,0043;0,0000;0,0000;0,0000;0,0000
90;G-4;2,3840;2,3840;0,0000;0,0000;0,0000;0,0000;0,0000;0,0000;0,0000;0,0000;0,0000;0,1280;6,8443;2,2814;0,0510;0,0550;0,0510;0,0170;0,0183;61,7899;25,7539;16,7991;7,0018;46,9191;36,4686;21,9191;11,4686;31,9191;21,4686;0,0000;0,0000;0,0000;0,0000
90;H145;5,9900;5,9900;0,0000;0,0000;0,0000;0,0000;0,0000;0,0000;0,0000;0,0000;0,0000;0,3325;2,4596;0,8276;0,0210;0,0210;0,0210;0,0035;0,0035;444,3195;301,1103;47,6057;32,2618;116,6399;85,9522;91,6399;60,9522;101,6399;70,9522;0,0000;0,0000;0,0000;0,0000
90;Lasta;2,9660;2,9660;0,0000;0,0000;0,0000;0,0000;0,0000;0,0000;0,0000;0,0000;0,0000;0,3233;26,0391;8,7116;0,0880;0,0910;0,0880;0,0293;0,0303;490,6453;427,6554;58,8774;51,3186;136,3028;121,7666;111,3028;96,7666;121,3028;106,7666;0,0000;0,0000;0,0000;0,0000
90;Mi-17;3,0000;2,9990;0,0010;0,0000;0,0000;0,0000;0,0000;0,0000;0,0003;0,0000;0,0003;0,1877;11,8560;3,9520;0,0700;0,0770;0,0700;0,0233;0,0257;645,9543;465,1622;56,5210;40,7017;156,6504;118,6841;131,6504;93,6841;141,6504;103,6841;0,0007;0,0003;0,0003;0,0010
90;MiG-29;4,1640;4,1480;0,0160;0,0000;0,0000;0,0000;0,0000;0,0000;0,0038;0,0000;0,0038;0,0351;3,3153;0,7330;0,0210;0,0220;0,0210;0,0044;0,0046;204,3307;101,1448;33,5468;16,6059;52,3068;34,5718;27,3068;9,5718;37,3068;19,5718;0,0066;0,0064;0,0066;0,0120
